50840 ; 53488 ; 2648
51480 ; 53488 ; 2008
51480 ; 53488 ; 2008
51480 ; 53488 ; 2008
51484 ; 53488 ; 2004
51484 ; 53488 ; 2004
51484 ; 53488 ; 2004
51484 ; 53488 ; 2004
51484 ; 53488 ; 2004
51484 ; 53488 ; 2004
51484 ; 53488 ; 2004
51484 ; 53488 ; 2004
51484 ; 53488 ; 2004
51484 ; 53488 ; 2004
51484 ; 53488 ; 2004
51484 ; 53488 ; 2004
51484 ; 53488 ; 2004
51484 ; 53488 ; 2004
51484 ; 53488 ; 2004
51484 ; 53488 ; 2004
51484 ; 53488 ; 2004
51484 ; 53488 ; 2004
51484 ; 53488 ; 2004
51484 ; 53488 ; 2004
51484 ; 53488 ; 2004
51484 ; 53488 ; 2004
51484 ; 53488 ; 2004
51484 ; 53488 ; 2004
51484 ; 53488 ; 2004
51484 ; 53488 ; 2004
51484 ; 53488 ; 2004
51484 ; 53488 ; 2004
51484 ; 53488 ; 2004
51484 ; 53488 ; 2004
51484 ; 53488 ; 2004
51484 ; 53488 ; 2004
51484 ; 53488 ; 2004
51484 ; 53488 ; 2004
51484 ; 53488 ; 2004
51484 ; 53488 ; 2004
51484 ; 53488 ; 2004
51484 ; 53488 ; 2004
51484 ; 53488 ; 2004
51484 ; 53488 ; 2004
51484 ; 53488 ; 2004
51484 ; 53488 ; 2004
51484 ; 53488 ; 2004
51484 ; 53488 ; 2004
51484 ; 53488 ; 2004
51484 ; 53488 ; 2004
